number of ranks,number of nodes,number of roads,number of iterations,time (seconds),performance (MCOPs)
   64,  1,  327680000,1000,47.103027,   6956.665484
  128,  2,  655360000,1000,47.104516,  13912.891134
  256,  4, 1310720000,1000,47.198077,  27770.623084
  512,  8, 2621440000,1000,47.282077,  55442.572939
 1024, 16, 5242880000,1000,47.470265, 110445.559610
 4096, 64,20971520000,1000,48.516495, 432255.461373
16384,256,83886080000,1000,49.171660,1705984.298944
