number of ranks,number of nodes,number of roads,number of iterations,time (seconds),performance (MCOPs)
  128,  1,  655360000,1000,47.089230088000022,  13917.40741514074
  256,  2, 1310720000,1000,47.312155327000255,  27703.662852408543
  512,  4, 2621440000,1000,47.244999709999774,  55486.083523991467
 1024,  8, 5242880000,1000,47.671475833999921, 109979.39351105025
 2048, 16,10485760000,1000,47.315424873999746, 221613.98799489636
 4096, 32,20971520000,1000,47.392841994999799, 442503.95454681973
 8192, 64,41943040000,1000,47.611040412999955, 880951.97324332502
16384,128,83886080000,1000,47.932676638999965,1750081.2782014951
