number of ranks,number of nodes,number of roads,number of iterations,time (seconds),performance (MCOPs)
   64,  1,  327680000,1000,46.930692736000310,   6982.2110200525176
  128,  2,  655360000,1000,47.310433677000219,  13852.335501177211
  256,  4, 1310720000,1000,47.056037361000108,  27854.449152710011
  512,  8, 2621440000,1000,47.073021082000196,  55688.79880119671
 1024, 16, 5242880000,1000,47.175087980000171, 111136.62368203136
 2048, 32,10485760000,1000,47.168236889000127, 222305.53210364608
 4096, 64,20971520000,1000,47.332454888000029, 443068.50446746656
 8192,128,41943040000,1000,48.220773950999956, 869812.6671011307
16384,256,83886080000,1000,49.094928391999929,1708650.6233435983
