number of ranks,number of nodes,number of roads,number of iterations,time (seconds),performance (MCOPs)
   64,  1,  327680000,1000,51.903117223000210,   6313.300964027509
  128,  2,  655360000,1000,51.937564507999920,  12618.227408392535
  256,  4, 1310720000,1000,52.040803339999910,  25186.390598865844
  512,  8, 2621440000,1000,52.160201700000016,  50257.47436862383
 1024, 16, 5242880000,1000,52.194268166999790, 100449.34403955968
 2048, 32,10485760000,1000,52.296188856999834, 200507.15413837435
 4096, 64,20971520000,1000,52.555012519999990, 399039.387385156
 8192,128,41943040000,1000,52.970556811000050, 791817.9933364409
16384,256,83886080000,1000,53.381265326000175,1571451.697289423
