number of ranks,number of nodes,number of roads,number of iterations,time (seconds),performance (MCOPs)
  128,  1,  655360000,1000,52.189750175999960,  12557.25497420324
  256,  2, 1310720000,1000,52.208018751000054,  25105.72190550504
  512,  4, 2621440000,1000,52.387675250000030,  50039.250405561725
 1024,  8, 5242880000,1000,52.444663880000010,  99969.75120283675
 2048, 16,10485760000,1000,52.452397037999620, 199910.02493944168
 4096, 32,20971520000,1000,52.863612304000070, 396709.93119804515
 8192, 64,41943040000,1000,53.205071304999820, 788327.8599432777
16384,128,83886080000,1000,53.777489624000280,1559873.4821300136
