number of ranks,number of nodes,number of roads,number of iterations,time (seconds),performance (MCOPs)
   1, 1,   5120000,1000,57.308180,89.341521
   2, 1,  10240000,1000,57.370991,178.487416
   4, 1,  20480000,1000,57.415321,356.699213
   8, 1,  40960000,1000,57.432067,713.190415
  16, 1,  81920000,1000,57.480355,1425.182580
  32, 1, 163840000,1000,57.498895,2849.446043
  48, 1, 245760000,1000,57.655684,4262.545901
  96, 2, 491520000,1000,57.673979,8522.387547
