number of ranks,number of nodes,number of roads,number of iterations,time (seconds),performance (MCOPs)
  32,  1,  163840000,1000,95.417583, 1717.083944
  64,  2,  327680000,1000,95.415650, 3434.237458
 128,  4,  655360000,1000,95.450870, 6865.940576
 256,  8, 1310720000,1000,95.487624,13726.595606
 512, 16, 2621440000,1000,95.878378,27341.305150
1024, 32, 5242880000,1000,95.915842,54661.251624
2048, 64,10485760000,1000,95.902046,109338.230545
4096,128,20971520000,1000,95.918813,218638.234937
