number of ranks,number of nodes,number of roads,number of iterations,time (seconds),performance (MCOPs)
  32,  1,  163840000,1000,25.352440,  6462.494411
  64,  2,  327680000,1000,25.331806, 12935.516855
 128,  4,  655360000,1000,25.393906, 25807.767133
 256,  8, 1310720000,1000,25.434034, 51534.097606
 512, 16, 2621440000,1000,25.440242,103043.046409
1024, 32, 5242880000,1000,25.464576,205889.157588
2048, 64,10485760000,1000,25.469044,411706.076806
4096,128,20971520000,1000,25.478776,823097.637724
8192,256,41943040000,1000,25.487541,1645629.104006
