number of ranks,number of nodes,number of roads,number of iterations,time (seconds),performance (MCops)
   1, 1,   5120000,1000,7.0695161102339625,724.23627305809418
   2, 1,  10240000,1000,7.1008160905912519,1442.0877641892796
   4, 1,  20480000,1000,7.1140104494988918,2878.8262465150870
   8, 1,  40960000,1000,7.1415221393108368,5735.4719625573653
  16, 1,  81920000,1000,7.2069176007062197,11366.856753291102
  32, 1, 163840000,1000,7.5095183392986655,21817.644301179171
  48, 1, 245760000,1000,8.7142095593735576,28202.213674749757
  96, 2, 491520000,1000,8.6911665499210358,56553.973183779999
 192, 4, 983040000,1000,8.6951421704143286,113056.23079342446
