number of ranks,number of nodes,number of roads,number of iterations,time (seconds),performance (MCOPs)
  32,  1,  163840000,1000,8.020708739757538,  20427.12250450735
  64,  2,  327680000,1000,8.588790720328689,  38152.05314345579
 128,  4,  655360000,1000,8.595260660164058,  76246.66963706614
 256,  8, 1310720000,1000,8.601254469715059, 152387.0738408024
 512, 16, 2621440000,1000,8.603490460664034, 304694.9388722484
1024, 32, 5242880000,1000,8.610236570239067, 608912.4215380796
2048, 64,10485760000,1000,8.613781480118632,1217323.660253288
4096,128,20971520000,1000,8.623874410055578,2431797.937078822
8192,256,41943040000,1000,8.624995489604771,4862963.702479801
