number of ranks,number of nodes,number of roads,number of iterations,time (seconds),performance (MCOPs)
  32,  1,  163840000,1000,7.0171864591538906,  23348.389123431571
  64,  2,  327680000,1000,7.5181291494518518,  43585.311383469809
 128,  4,  655360000,1000,7.5408797899726778,  86907.631238393544
 256,  8, 1310720000,1000,7.5556728299707174, 173474.95444758158
 512, 16, 2621440000,1000,7.5626951102167368, 346627.75132354541
1024, 32, 5242880000,1000,7.5765560893341899, 691987.22192271554
2048, 64,10485760000,1000,7.5844509098678827,1382533.8346322894
4096,128,20971520000,1000,7.5963758295401931,2760727.0191197745
