number of ranks,number of nodes,number of roads,number of iterations,time (seconds),performance (MCops)
   1, 1,   5120000,1000,1.007407519966364,5082.352373318546
   2, 1,  10240000,1000,0.7446839297190309,13750.80029437932
   4, 1,  20480000,1000,0.8592498600482941,23834.74348060868
   8, 1,  40960000,1000,1.665894319303334,24587.39400535876
  16, 1,  81920000,1000,3.277811150066555,24992.28791699505
  32, 1, 163840000,1000,8.583718349225819,19087.29915570646
  48, 1, 245760000,1000,9.743570260703564,25222.78727656593
  96, 2, 491520000,1000,9.745483220554888,50435.67249321208
