number of ranks,number of nodes,number of roads,number of iterations,time (seconds),performance (MCOPs)
   1, 1,   5120000,1000,7.021053109318018,729.2353326889056
   2, 1,  10240000,1000,7.017099119722843,1459.292483302481
   4, 1,  20480000,1000,7.030288239941001,2913.109576880146
   8, 1,  40960000,1000,7.113673400133848,5757.925293453774
  16, 1,  81920000,1000,7.432067589834332,11022.50470811798
  32, 1, 163840000,1000,8.581062620505691,19093.20642975855
  48, 1, 245760000,1000,9.738625389523804,25235.59436472143
  96, 2, 491520000,1000,9.745483220554888,50435.67249321208
