number of ranks,number of nodes,number of roads,number of iterations,time (seconds),performance (MCOPs)
  32,  1,  163840000,1000,5.1093531800433990,  32066.681285596376
  64,  2,  327680000,1000,5.1113206706941130,  64108.675841600314
 128,  4,  655360000,1000,5.1152511797845360, 128118.83072134982
 256,  8, 1310720000,1000,5.1091897897422310, 256541.65414476185
 512, 16, 2621440000,1000,5.1221338398754600, 511786.7049065118
1024, 32, 5242880000,1000,5.1386802196502686,1020277.5374017773
2048, 64,10485760000,1000,5.1386811099946500,2040554.7212504332
4096,128,20971520000,1000,5.1437602899968620,4077079.5716868043
8192,256,41943040000,1000,5.1553933406248690,8135759.432648105
